Distillery,Address,City,State,Zip Code
45th Parallel Spirits,1570 Madison Ave,New Richmond,WI,54017
A. Smith Bowman Distillery,One Bowman Drive,Fredericksburg,VA,22408
Amador Distillery,260 Scottsville Blvd,Jackson,CA,95642
Arizona Distilling Company,508 W 1st St,Tempe,AZ,85281
Ascendant Spirits Distillery,37 Industrial Way #103,Buellton,CA,93427
Ballast Point Spirits,10051 Old Grove Rd,San Diego,CA,92131
Barrel House Distilling Co.,"1200 Manchester Street, Building #9",Lexington,KY,40504
Barton 1792 Distillery,300 Barton Rd,Bardstown,KY,40004
Berkshire Mtn. Distillers,356 South Main Street,Sheffield,MA,1230
BFLO Distilling Company,21420 NW Nicholas Ct. Suite D-9,Bennington,NY,97124
Big Bottom Whiskey,5796 Battle Training Rd,Hillsboro,OR,42701
Boathouse Distillery,1925 Airport Rd,Salida,CO,80424
Boundary Oak Distillery,113 Great Buffalo Trace,Elizabethtown,KY,40601
Breckenridge Distillery,218 Conover Street,Breckenridge,CO,11231
Buffalo Trace Distillery,2037 Rte. 17B,Frankfort,KY,12720
Cacao Prieto Distillery,1441 Marak Rd NW,Brooklyn,NY,52338
Catskill Distilling Company,2600 Veach Rd Suite B,Bethel,NY,42303
Cedar Ridge Distillery,"9402 Uptown Drive, Suite 1000",Swisher,IA,46256
Charles Medley Distillery,1290 S Grand Mesa Dr,Owensboro,KY,81413
Colglazier & Hobson,11 Railroad Ave.,Indianapolis,IN,13326
Colorado Gold Distillers,532 W State Rte 22 #110,Cedaredge,CO,60047
Cooperstown Distillery,400 East Main Street #110,Cooperstown,NY,42101
Copper Fiddle Distillery,803 Shepherd Drive,Lake Zurich,IL,75042
Corsair Distillery,1527 Taurus Ct #110,Bowling Green,KY,80537
Dallas Distilleries,241-B N. Main Street,Garland,TX,29601
Dancing Pines Distillery,11740 W 86th Terr.,Loveland,CO,66214
Dark Corner Distillery,236 Rio Bravo,Greenville,SC,87544
Dark Horse Distillery,1708 E Lincoln Ave #1,Lenexa,KS,80524
Don Quixote Distillery,918 Chicago Ave,Los Alamos,NM,60202
Feisty Spirits,4676 New York 414,Fort Collins,CO,14818
Few Spirits,855 MICHIGAN ST NE,Evanston,IL,49503
Finger Lakes Distilling,1224 Bonds Mill Rd,Burdett,NY,40342
Flat Landers Distillery,1827 Hye-Albert Rd,Grand Rapids,MI,78635
Four Roses Distillery,21 S Montana St,Lawrenceburg,KY,59701
Garrison Brothers Distillery,1311 Gilkey Run Rd,Hye,TX,40004
Headframe Spirits,703 Park Avenue,Butte,MT,84060
Heaven Hill Distilleries,18646 142nd Ave NE,Bardstown,KY,98072
High West Distillery,32 Pier Lane West,Park City,UT,7004
J.P. Trodden Distillery,526 Happy Hollow Road,Woodinville,WA,40110
Jersey Artisan Distilling,109 Generation Dr,Fairfield,NJ,49128
Jim Beam Distillery,6230 Old LaGrange Road,Clermont,KY,40014
Journeyman Distillery,1200 Manchester Street,Three Oaks,MI,40504
Kentucky Artisan Distillery,120 NORTH 10TH STREET,Crestwood,KY,40202
Kentucky Peerless Distilling,"Brooklyn Navy Yard, 63 Flushing Ave, Bldg 121",Lexington,KY,11205
Kentucky Peerless Distilling,3350 Burkes Spring Road,Louisville,KY,40037
Kings County Distillery,137 Barkers Mill Road,Brooklyn,NY,42266
Maker's Mark,2201 Lawrence St,Loretto,KY,80205
MB Roland Distillery,303 N Cody Rd,Pembroke,KY,52753
Mile High Spirits,7350 New York 89,Denver,CO,14521
Mississippi River Distilling,11505 Spring Valley Rd.,Le Claire,IA,80118
Myer Farm Distillers,684 Commerce Ct,Ovid,NY,49424
Mystic Mountain Distillery,10 Distillery Road,Larkspur,CO,42301
New Holand Brewing,716 W 2nd St,Holland,MI,41056
O.Z. Tyler Distillery,113 Great Buffalo Trace,Owensboro,KY,40601
Old Pogue Distillery,490 NE Butler Market Rd #120,Maysville,KY,97701
Old Rip Van Winkle,144 Kluge Ave #2,Frankfort,KY,81526
Oregon Spirit Distillers,39 E Quincy St,Bend,OR,60546
Peach Street Distillers,4834 Whirlwind Dr.,Palisade,CO,78217
Quincy Street Distillery,100 Summit Ave,Riverside,IL,23230
Ranger Creek Distilling,1216 E. 6th Street,San Antonio,TX,72202
Reservoir Distillery,81211 Gallatin Road Suite A,Richmond,VA,59718
Rock Town Distillery,10983 Hills Road,Little Rock,AR,49101
Roughstock Distillery,3 Artisans Way,Bozeman,MT,5089
Round Barn Distillery,745 Industrial Park Rd,Baroda,MI,24957
Silo Distillery,4196 Ute Hwy,Windsor,VT,80540
Sliverback Distillery,112 Riberia St,Maxwelton,WV,32084
Smooth Ambler Spirits Co.,2601 Monarch St.,Lyons,CO,94501
Spirit Hound Distillers,PO Box 200,St. Augustine,FL,97846
St. Augustine Distillery,3896 Fitzgerald Rd,Alameda,CA,40216
St. George Spirits,5501 1st Ave S,Joseph,OR,98108
Stein Distillery,401 Cross Street,Shively,KY,40508
Stitzel-Weller,5 Bartlett Farm Road,Seattle,WA,2554
Tatoosh Distillery & Spirits,14 Grist Mill Lane,Lexington,KY,12525
Town Branch Distillery,2445 Michigan Avenue,Nantucket,MA,48184
Triple Eight Distillery,"525 Lake Avenue South, Suite 102",Gardiner,NY,55802
Tuthilltown Spirits,2401 Smallman St,Detroit,MI,15222
Two James Distillery,1417 Versailles Rd,Duluth,MN,40342
Vikre Distillery,445 Roy Arnold Blvd,Pittsburgh,PA,40422
Wigle Distillery,1869 Loretto Road,Lawrenceburg,KY,40004
Wild Turkey Distillery,312 E. Main Street,Danville,KY,59729
Wilderness Trail Distillery,PO Box 2878,Bardstown,KY,32790
Willett Distillery,489 Booneslick Road,Ennis,MT,63363
Willie's Distillery,7855 McCracken Pike,Winter Park,FL,40383
Winter Park Distilling,14509 Woodinville Redmond Rd. NE,Florence,MO,98072
Wood Hat Spirits Distillery,3118 Kingsley Way,Versailles,KY,53713
Woodford Reserve,1224 North Post Oak Suite 100,Woodinville,WA,77055
Woodinville Whiskey Co.,,Madison,WI,
Woodinville Whiskey Company,,Houston,TX,
Yahara Bay Spirits,,,,
Yellow Rose Distilling,,,,