"","Product Name","Category","Price"
"1","1776 STRAIGHT RYE WHISKEY '100 PROOF'","American Whiskey","$29.99"
"2","1792 12 YEAR OLD","American Whiskey","$49.99"
"3","1792 BOTTLED IN BOND","American Whiskey","$51.99"
"4","1792 FULL PROOF","American Whiskey","$45.99"
"5","1792 SINGLE BARREL","American Whiskey","$38.27"
"6","1792 SMALL BATCH","American Whiskey","$30.99"
"7","1792 SWEET WHEAT","American Whiskey","$37.99"
"8","1803 SINGLE MALT WHISKEY","American Whiskey","$39.99"
"9","1820 BOURBON","American Whiskey","$51.39"
"10","2BAR SPIRITS","American Whiskey","$43.99"
"11","451 SPIRITS BONE SHAKER WHISKEY","American Whiskey","$39.99"
"12","451 SPIRITS CASK FINISHED WHISKEY","American Whiskey","$24.95"
"13","451 SPIRITS DEAR JOHNNY","American Whiskey","$43.67"
"14","AM BORN APPLE","American Whiskey","$22.53"
"15","AM BORN MOONSHINE","American Whiskey","$22.53"
"16","AMADOR 12YR BOURBON","American Whiskey","$124.99"
"17","AMADOR DOUBLE BARREL","American Whiskey","$41.99"
"18","AMERICAN","American Whiskey","$50.00"
"19","ANCIENT AGE","American Whiskey","$5.99 - $22.99"
"20","ANCIENT ANCIENT AGE 10","American Whiskey","$14.99 - $24.99"
"21","ANDYS OLD NO 5","American Whiskey","$46.85"
"22","ANGELS ENVY","American Whiskey","$49.99"
"23","ANGELS ENVY CASK","American Whiskey","$220.00"
"24","ANGELS ENVY RYE","American Whiskey","$94.99"
"25","APPARITION APPLE PIE","American Whiskey","$28.16"
"26","APPARITION BLACKBERRY","American Whiskey","$28.15"
"27","APPARITION BLUEBERRY","American Whiskey","$28.16"
"28","APPARITION CORN WHISKEY","American Whiskey","$23.47"
"29","APPARITION PUMPKIN SPICE","American Whiskey","$28.13"
"30","APPLE WHISKY","American Whiskey","$23.95"
"31","ATHENS WEST END DISTILLERY BOURBON WHISKEY","American Whiskey","$45.79"
"32","ATHENS WEST END DISTILLERY MALT WHISKEY","American Whiskey","$45.79"
"33","BAD SWEATER","American Whiskey","$27.99"
"34","BAKERS 13 YEAR OLD","American Whiskey","$99.99"
"35","BAKERS SINGLE BARREL","American Whiskey","$59.99"
"36","BALCONES TEXAS POT STILL BOURBON","American Whiskey","$29.99"
"37","BALCONES TEXAS SINGLE MALT","American Whiskey","$64.99"
"38","BARDSTOWN  FUSION SERIES","American Whiskey","$59.99"
"39","BARDSTOWN DISCOVERY SERIES","American Whiskey","$129.99"
"40","BARRICA PX","American Whiskey","$45.95"
"41","BASIL HAYDEN'S 10 YEAR RYE","American Whiskey","$22.99 - $69.99"
"42","BASIL HAYDENS","American Whiskey","$39.99 - $79.99"
"43","BASIL HAYDENS 10 YEAR","American Whiskey","$69.99"
"44","BASIL HAYDENS CARIBBEAN RYE LTO","American Whiskey","$44.99"
"45","BASIL HAYDENS DARK RYE","American Whiskey","$44.99"
"46","BEAMS 8 STAR","American Whiskey","$4.39 - $15.99"
"47","BEER BARREL AMERICAN","American Whiskey","$16.21"
"48","BELLE MEADE BOURBON RESERVE","American Whiskey","$59.99"
"49","BELLE MEADE CLASSIC BOURBON","American Whiskey","$39.99"
"50","BENCHMARK","American Whiskey","$9.99 - $18.99"
"51","BERNHEIM WHEAT","American Whiskey","$29.99"
"52","BIB & TUCKER 12 YEAR","American Whiskey","$99.95"
"53","BIB & TUCKER BOURBON 6 YR","American Whiskey","$49.99"
"54","BIG HOUSE","American Whiskey","$17.99"
"55","BIRD DOG 10 YEAR OLD BOURBON WHISKEY","American Whiskey","$64.99"
"56","BIRD DOG 7 YEAR OLD BOURBON","American Whiskey","$24.99"
"57","BIRD DOG APPLE","American Whiskey","$15.99"
"58","BIRD DOG BLACK CHERRY WHISKEY","American Whiskey","$15.99"
"59","BIRD DOG BLACK CHERRY WHISKEY","American Whiskey","$15.99"
"60","BIRD DOG BLACKBERRY","American Whiskey","$1.00 - $15.99"
"61","BIRD DOG BLACKBERRY WHISKEY","American Whiskey","$15.99"
"62","BIRD DOG CHOCOLATE","American Whiskey","$15.99"
"63","BIRD DOG KENTUCKY BOURBON WHISKEY","American Whiskey","$15.69"
"64","BIRD DOG KENTUCKY STRAIGHT BOURBON 84","American Whiskey","$19.99"
"65","BIRD DOG PEACH","American Whiskey","$15.99"
"66","BIRD DOG PEACH TRAVELER","American Whiskey","$12.99"
"67","BIRD DOG PEACH WHISKEY","American Whiskey","$16.08"
"68","BIRD DOG STRAWBERRY","American Whiskey","$15.99"
"69","BITCOIN BOURBON WHISKEY","American Whiskey","$33.57"
"70","BLACK DIAMOND DISTILLERY BLOODY BUTCHER MOONSHINE","American Whiskey","$26.26"
"71","BLACK DIAMOND DISTILLERY PAW PAW MOONSHINE","American Whiskey","$27.65"
"72","BLACK SADDLE 12 YEAR BOURBON","American Whiskey","$49.99"
"73","BLACKENED","American Whiskey","$49.73"
"74","BLANTON'S GOLD","American Whiskey","$120.00"
"75","BLANTONS","American Whiskey","$54.99"
"76","BLOOD OATH PACT VI","American Whiskey","$109.99"
"77","BLUE CORN BOURBON","American Whiskey","$74.93"
"78","BOMBERGER STRAIGHT BOURBON","American Whiskey","$74.00"
"79","BOND AND LILLARD","American Whiskey","$49.99"
"80","BOOKERS","American Whiskey","$84.99"
"81","BOOM BOOM BOURBON","American Whiskey","$41.99"
"82","BOONE COUNTY CASK STRENGTH WHEATED BOURBON BARREL","American Whiskey","$96.48"
"83","BOONE COUNTY SMALL BATCH BOURBON","American Whiskey","$4.07 - $45.99"
"84","BOURBON 30","American Whiskey","$34.69"
"85","BOURBON 30 SMALL BATCH","American Whiskey","$34.69"
"86","BOURBON LEGENDS GIFT","American Whiskey","$50.70"
"87","BOURBON SUPREME RARE BLEND","American Whiskey","$4.49 - $17.49"
"88","BOWMAN BROTHERS","American Whiskey","$27.23"
"89","BRAIN BREW WHISKEY","American Whiskey","$15.00 - $45.00"
"90","BRAND EIGHT","American Whiskey","$59.96"
"91","BRAND ELEVEN","American Whiskey","$89.95"
"92","BRAND FIVE","American Whiskey","$4.00 - $29.94"
"93","BRAND FOUR","American Whiskey","$4.00 - $29.94"
"94","BRAND NINE","American Whiskey","$69.94"
"95","BRAND ONE","American Whiskey","$4.00 - $29.94"
"96","BRAND SEVEN","American Whiskey","$49.95"
"97","BRAND SIX","American Whiskey","$4.00 - $29.94"
"98","BRAND TEN","American Whiskey","$79.95"
"99","BRAND THREE","American Whiskey","$4.00 - $29.94"
"100","BRAND TWELVE","American Whiskey","$3.96 - $9.95"
"101","BRAND TWO","American Whiskey","$4.00 - $29.94"
"102","BREAKER","American Whiskey","$30.04"
"103","BREAKING & ENTERING AMERICAN WHISKEY","American Whiskey","$34.99"
"104","BRECKENRIDGE BOURBON","American Whiskey","$41.43"
"105","BROWN SUGAR BOURBON","American Whiskey","$19.99"
"106","BUCKEYE THUNDER","American Whiskey","$46.73"
"107","BUFFALO TRACE","American Whiskey","$2.49 - $48.99"
"108","BUFFALO TRACE 6M BARREL BOTTLE","American Whiskey","$3.72"
"109","BUFFALO TRACE DISTILERY KOSHER WHEAT BOURBON","American Whiskey","$39.99"
"110","BUFFALO TRACE DISTILLERY KOSHER RYE BOURBON","American Whiskey","$39.99"
"111","BUFFALO TRACE DISTILLERY KOSHER STRAIGHT RYE WHISK","American Whiskey","$39.99"
"112","BUFFALO TRACE EXPERIMENTAL","American Whiskey","$99.99"
"113","BULLEIT","American Whiskey","$2.99 - $49.99"
"114","BULLEIT 10","American Whiskey","$41.99"
"115","BULLEIT BARREL STRENGTH","American Whiskey","$49.99"
"116","BULLEIT BLENDERS SELECT","American Whiskey","$49.99"
"117","BULLEIT BOURBON SINGLE BARREL","American Whiskey","$59.99"
"118","BULLEIT BOURBON W 2 MUGS","American Whiskey","$25.99"
"119","BULLEIT BOURBON WITH LEWIS BAG VAP","American Whiskey","$25.99"
"120","BULLEIT BOURBON YETI OUTDOOR PACK","American Whiskey","$64.99"
"121","BULLEIT GIFT","American Whiskey","$25.99"
"122","BULLEIT RYE","American Whiskey","$14.99 - $49.99"
"123","BULLEIT RYE 12 YR","American Whiskey","$49.99"
"124","BURNING CHAIR BOURBON 113 BARREL","American Whiskey","$64.99"
"125","BUSHMILLS ORIGINAL COFFEE VAP","American Whiskey","$21.49"
"126","BUSTER DOUGLAS BOURBON","American Whiskey","$41.99"
"127","CALUMET","American Whiskey","$59.99"
"128","CALUMET SNGL RCK BLK 10 YR","American Whiskey","$79.99"
"129","CALUMET SNGL RCK BLK 12 YR","American Whiskey","$99.99"
"130","CANDELLA Y TOWN BOURBON","American Whiskey","$34.13"
"131","CASK & CREW RYE WHISKEY","American Whiskey","$24.99"
"132","CASK STRENGTH SHERRY FINISHED BOURBON","American Whiskey","$125.00"
"133","CATSKILL DISTILLING FEARLESS WHEAT WHISKEY","American Whiskey","$38.06"
"134","CATSKILL DISTILLING MOST RIGHTEOUS BOURBON","American Whiskey","$38.06"
"135","CHATTANOOGA WHISKEY 111","American Whiskey","$44.99"
"136","CHATTANOOGA WHISKEY 91","American Whiskey","$34.99"
"137","CLEV BEER BARREL","American Whiskey","$39.99"
"138","CLEV UNDER MAPL","American Whiskey","$41.06"
"139","CLEVELAND 87","American Whiskey","$28.99"
"140","CLEVELAND APPLE","American Whiskey","$37.99"
"141","CLEVELAND BARREL 16","American Whiskey","$42.94"
"142","CLEVELAND BARREL 95","American Whiskey","$39.99"
"143","CLEVELAND BLACK CHERRY","American Whiskey","$19.99 - $37.99"
"144","CLEVELAND BLACK RESERVE","American Whiskey","$28.98"
"145","CLEVELAND CHRISTMAS BOURBON","American Whiskey","$31.98"
"146","CLEVELAND DISTILLERY RED LIGHT BOURBON","American Whiskey","$39.98"
"147","CLEVELAND HICKORY","American Whiskey","$37.99"
"148","CLEVELAND HONEY LOCUST","American Whiskey","$37.99"
"149","CLEVELAND SUGAR MAPLE","American Whiskey","$37.99"
"150","CLEVELAND UNDERGROUND INFUSED WITH COFFEE BEANS","American Whiskey","$39.99"
"151","CLEVELAND UNDERGROUND INVESTOR RYE","American Whiskey","$100.00"
"152","CLEVELAND UNDERGROUND RYE","American Whiskey","$37.99"
"153","CLIMAX FIRE NO 32","American Whiskey","$14.64"
"154","CLOVER SINGLE BARREL 10","American Whiskey","$69.95"
"155","CLOVER SINGLE BARREL 4","American Whiskey","$49.95"
"156","CLYDE MAYS CONECUH","American Whiskey","$26.99"
"157","CLYDE MAYS SPECIAL RESERVE","American Whiskey","$59.99"
"158","CLYDE MAYS STRAIGHT BOURBON WHISKEY","American Whiskey","$34.99"
"159","CLYDE MAYS STRAIGHT RYE","American Whiskey","$44.99"
"160","COOPERS CRAFT 100","American Whiskey","$29.99"
"161","COOPERS CRAFT BOURBON","American Whiskey","$22.99"
"162","COPPERCRAFT BLEND OF STRAIGHT BOURBON WHISKIES","American Whiskey","$37.99"
"163","COPPERCRAFT STRAIGHT BOURBON","American Whiskey","$47.99"
"164","COPPERCRAFT STRAIGHT RYE WHISKEY","American Whiskey","$37.99"
"165","CREEKSIDE BOURBON WHISKEY","American Whiskey","$40.59"
"166","DANDY JOHNS CORN WHISKEY","American Whiskey","$32.70"
"167","DAVENPORT WILDFIRE","American Whiskey","$12.95"
"168","DAVID NICOLSON RESERVE","American Whiskey","$39.99"
"169","DAVIESS COUNTY KENTUCKY STRAIGHT BOURBON WHISKEY","American Whiskey","$39.99"
"170","DAVIESS COUNTY KSBW CAB FINISH","American Whiskey","$49.99"
"171","DAVIESS COUNTY KSBW FRENCH OAK FINISHED","American Whiskey","$49.99"
"172","DAYTON RYE WHISKEY","American Whiskey","$69.95"
"173","DECKHAND","American Whiskey","$10.00 - $34.95"
"174","DOC HOW CINN","American Whiskey","$19.64"
"175","DOC HOW FAV","American Whiskey","$28.32"
"176","DOC HOW TRIBUTE","American Whiskey","$28.32"
"177","DOC HOWARDS CORN WHISKEY","American Whiskey","$18.80"
"178","DOC HOWARDS MAPLE WHISKEY","American Whiskey","$23.35"
"179","DOUBLE EAGLE VERY RARE","American Whiskey","$2000.00"
"180","DUE AMICI","American Whiskey","$38.90"
"181","DUKE","American Whiskey","$42.99"
"182","EAGLE RARE","American Whiskey","$31.99"
"183","EAGLE RARE 17","American Whiskey","$99.99"
"184","EARLY TIMES","American Whiskey","$11.49 - $23.49"
"185","EARLY TIMES BOTTLED IN BOND","American Whiskey","$24.99"
"186","ECHO SPIRITS DISTILLING CO GENEVER","American Whiskey","$35.00"
"187","ECHO SPIRITS STRAIGHT RYE WHISKEY","American Whiskey","$42.00"
"188","ECHO SPRING","American Whiskey","$11.79 - $19.98"
"189","EH TAYLOR AMARANTH","American Whiskey","$69.99"
"190","EH TAYLOR BARREL PROOF","American Whiskey","$65.03"
"191","EH TAYLOR CURED OAK","American Whiskey","$65.03"
"192","EH TAYLOR JR. 18YR MARRIAGE","American Whiskey","$69.99"
"193","EH TAYLOR SEASONED WOOD","American Whiskey","$69.99"
"194","EH TAYLOR SINGLE BARREL","American Whiskey","$57.16"
"195","EH TAYLOR SMALL BATCH","American Whiskey","$38.06"
"196","EH TAYLOR STRAIGHT RYE","American Whiskey","$65.03"
"197","EIGHT & SAND BOURBON","American Whiskey","$29.99"
"198","ELIAS STALEY RYE","American Whiskey","$41.11"
"199","ELIJAH  CRAIG  TOASTED  BARREL","American Whiskey","$49.99"
"200","ELIJAH CRAIG","American Whiskey","$2.00 - $52.99"
"201","ELIJAH CRAIG 18","American Whiskey","$129.99"
"202","ELIJAH CRAIG 21","American Whiskey","$129.01"
"203","ELIJAH CRAIG 23","American Whiskey","$199.98"
"204","ELIJAH CRAIG BARREL PROOF","American Whiskey","$59.99"
"205","ELIJAH CRAIG OLD FASHIONED COCKTAIL HOLIDAY VAP","American Whiskey","$29.99"
"206","ELMER T LEE","American Whiskey","$37.99"
"207","ELMER T LEE 100TH TRIBUTE EDITION","American Whiskey","$100.00"
"208","EVAN WILLIAMS 1783 SMALL BATCH","American Whiskey","$17.99"
"209","EVAN WILLIAMS APPLE","American Whiskey","$1.00 - $12.99"
"210","EVAN WILLIAMS BLACK","American Whiskey","$1.00 - $24.99"
"211","EVAN WILLIAMS BLACK TRAVELER","American Whiskey","$12.99"
"212","EVAN WILLIAMS CHERRY","American Whiskey","$12.99"
"213","EVAN WILLIAMS HONEY","American Whiskey","$1.00 - $24.99"
"214","EVAN WILLIAMS PEACH","American Whiskey","$12.99 - $24.99"
"215","EVAN WILLIAMS SINGLE BARREL","American Whiskey","$27.98"
"216","EVAN WILLIAMS WHITE","American Whiskey","$15.99 - $29.99"
"217","EZRA BROOKS","American Whiskey","$1.00 - $26.99"
"218","EZRA BROOKS DISTILLER'S COLLECTION","American Whiskey","$34.99"
"219","EZRA BROOKS GIFT","American Whiskey","$12.99"
"220","EZRA BROOKS RYE","American Whiskey","$12.16"
"221","FIFTH ELEMENT BBN","American Whiskey","$46.67"
"222","FIREFLY APPLE PIE","American Whiskey","$17.95"
"223","FIREFLY WHITE LIGHTING","American Whiskey","$10.96"
"224","FISTFUL OF BOURBON","American Whiskey","$24.99"
"225","FIVE GRAIN WHISKEY","American Whiskey","$49.95"
"226","FOUR ROSES BARREL","American Whiskey","$34.69"
"227","FOUR ROSES BARREL STRENGTH","American Whiskey","$65.59"
"228","FOUR ROSES BOURBON","American Whiskey","$21.99 - $42.99"
"229","FOUR ROSES BOURBON GIFT SET","American Whiskey","$22.13"
"230","FOUR ROSES LIMITED EDITION 2020","American Whiskey","$149.99"
"231","FOUR ROSES SINGLE BARREL","American Whiskey","$41.99"
"232","FOUR ROSES SMALL BATCH 90","American Whiskey","$32.99"
"233","FOUR ROSES SMALL BATCH SELECT","American Whiskey","$59.99"
"234","FREEDOM BOURBON","American Whiskey","$39.99"
"235","GENTLEMAN JACK","American Whiskey","$2.99 - $54.99"
"236","GENTLEMAN JACK & SS CUP","American Whiskey","$28.99"
"237","GENTLEMAN JACK GIFT","American Whiskey","$27.99"
"238","GEO DICKEL RYE","American Whiskey","$19.99"
"239","GEORGE DICKEL 12","American Whiskey","$19.99"
"240","GEORGE DICKEL 14 BARREL","American Whiskey","$60.99"
"241","GEORGE DICKEL 8","American Whiskey","$17.99"
"242","GEORGE DICKEL 9 BARREL","American Whiskey","$41.99"
"243","GEORGE DICKEL BARREL SELCT","American Whiskey","$41.99"
"244","GEORGE DICKEL TABASCO","American Whiskey","$16.16"
"245","GEORGE REMUS BOURBON","American Whiskey","$39.99"
"246","GEORGE REMUS BOURBON BTB","American Whiskey","$59.99"
"247","GEORGE T STAGG","American Whiskey","$99.99"
"248","GHOST SHIP CORN WHISKEY","American Whiskey","$20.01"
"249","GHOST SHIP WHISKEY","American Whiskey","$34.72"
"250","GUCKENHEIMER","American Whiskey","$8.29 - $14.49"
"251","HAKUSHU 12","American Whiskey","$129.99"
"252","HEAVEN HILL","American Whiskey","$12.25 - $21.99"
"253","HEAVEN HILL WHISKEY TSTNG","American Whiskey","$39.99"
"254","HEAVEN'S DOOR HIGHWAY BLEND","American Whiskey","$59.99"
"255","HEAVENS DOOR DOUBLE BARREL WHISKEY","American Whiskey","$54.99"
"256","HEAVENS DOOR TENNESEE BOURBON","American Whiskey","$49.99"
"257","HEAVENS DOOR THE BOOTLEG VOL 1","American Whiskey","$499.99"
"258","HENRY MCKENNA","American Whiskey","$49.99"
"259","HIDDEN LAKES APPLE PIE MOONSHINE","American Whiskey","$28.94"
"260","HIDDEN LAKES APPLE WHISKEY","American Whiskey","$35.11"
"261","HIDDEN LAKES BLACKBERRY MOONSHINE","American Whiskey","$28.94"
"262","HIDDEN LAKES BOURBON","American Whiskey","$35.11"
"263","HIDDEN LAKES CINNAMON HOT MOONSHINE","American Whiskey","$28.94"
"264","HIDDEN LAKES WHITE LIGHTNING MOONSHINE","American Whiskey","$35.11"
"265","HIGH BANK DISTILLERY WHISKEY SAMPLE PACK","American Whiskey","$43.00"
"266","HIGH BANK MIDNIGHT CASK","American Whiskey","$15.00 - $47.99"
"267","HIGH BANK WHISKEY WAR","American Whiskey","$12.00 - $36.99"
"268","HIGH BANK WHISKEY WAR BARREL PROOF","American Whiskey","$16.00 - $49.99"
"269","HIGH BANK WHISKEY WAR DOUBLE OAKED","American Whiskey","$64.99"
"270","HIGH WEST A MID WINTER NIGHTS DRAM","American Whiskey","$99.95"
"271","HIGH WEST AMERICAN PRAIRIE","American Whiskey","$39.99"
"272","HIGH WEST AMERICAN PRAIRIE BARREL SELECT","American Whiskey","$54.99"
"273","HIGH WEST BOURYE","American Whiskey","$79.99"
"274","HIGH WEST CAMPFIRE","American Whiskey","$69.99"
"275","HIGH WEST DOUBLE RYE","American Whiskey","$39.99"
"276","HIGH WEST DOUBLE RYE BARREL SELECT","American Whiskey","$54.99"
"277","HIGH WEST MANHATTAN","American Whiskey","$41.05"
"278","HIGH WEST RENDEZVOUS RYE","American Whiskey","$69.99"
"279","HIGH WEST YIPPIE KI YAY","American Whiskey","$99.95"
"280","HOCKING HILLS BLACKBERRY","American Whiskey","$23.35"
"281","HOCKING HILLS BOURBON","American Whiskey","$46.73"
"282","HOCKING HILLS GRANNY APPLE","American Whiskey","$23.35"
"283","HOCKING HILLS LIGHTNING","American Whiskey","$32.71"
"284","HOCKING HILLS MOONSHINE 90","American Whiskey","$25.21"
"285","HOCKING HILLS PEACH TEA","American Whiskey","$23.35"
"286","HOCKING HILLS RASPBERRY","American Whiskey","$23.35"
"287","HOTEL TANGO BOURBON","American Whiskey","$29.99"
"288","HOTEL TANGO RESERVE BOURBON","American Whiskey","$49.99"
"289","HOTEL TANGO STRAIGHT RYE WHISKEY","American Whiskey","$39.99"
"290","HUDSON BABY","American Whiskey","$49.99"
"291","HUDSON FOUR GRAIN BOURBON","American Whiskey","$21.84 - $49.73"
"292","HUDSON MANHATTAN RYE","American Whiskey","$34.99"
"293","HUDSON MAPLE CASK RYE","American Whiskey","$34.99"
"294","HUDSON SINGLE BABY BOURBON BARREL","American Whiskey","$49.99"
"295","HUDSON SINGLE BARREL MANHATTAN RYE","American Whiskey","$50.29"
"296","HUSH MONEY","American Whiskey","$26.16"
"297","I W HARPER","American Whiskey","$26.99"
"298","I W HARPER 15","American Whiskey","$69.99"
"299","IMPERIAL","American Whiskey","$13.49"
"300","IRON VAULT BOURBON WHISKEY","American Whiskey","$49.99"
"301","J T S BROWN","American Whiskey","$18.99"
"302","J. MATTINGLY 1845 SINGLE BARREL BOURBON WHISKEY","American Whiskey","$112.21"
"303","J. MATTINGLY 1845 SINGLE BARREL LIGHT WHISKEY","American Whiskey","$112.21"
"304","J. MATTINGLY 1845 SINGLE BARREL RYE WHISKEY","American Whiskey","$112.21"
"305","J. MATTINGLY 1845 SMALL BATCH BOURBON WHISKEY","American Whiskey","$112.21"
"306","J. MATTINGLY 1845 SMALL BATCH LIGHT WHISKEY","American Whiskey","$112.21"
"307","J. MATTINGLY 1845 SMALL BATCH RYE WHISKEY","American Whiskey","$112.21"
"308","JACK DANIEL'S HOLIDAY CALENDAR PACK","American Whiskey","$79.99"
"309","JACK DANIELS","American Whiskey","$1.99 - $46.99"
"310","JACK DANIELS & GLASS","American Whiskey","$21.99"
"311","JACK DANIELS 27 GOLD","American Whiskey","$99.99"
"312","JACK DANIELS BARREL PROOF","American Whiskey","$64.99"
"313","JACK DANIELS CLEVELAND CAVALIERS WITH 2 GLASSES","American Whiskey","$21.99"
"314","JACK DANIELS CORE RYE","American Whiskey","$23.99"
"315","JACK DANIELS CORE RYE","American Whiskey","$21.99"
"316","JACK DANIELS EQUITY & GLASSES","American Whiskey","$21.99"
"317","JACK DANIELS FAM OF BRNDS","American Whiskey","$14.95"
"318","JACK DANIELS FAMILY TRIO","American Whiskey","$54.99"
"319","JACK DANIELS FIRE","American Whiskey","$1.99 - $46.99"
"320","JACK DANIELS FIRE & 2 GLASSES","American Whiskey","$21.99"
"321","JACK DANIELS HONEY","American Whiskey","$1.99 - $46.99"
"322","JACK DANIELS HONEY & ICE MOLD","American Whiskey","$21.99"
"323","JACK DANIELS HONEY GIFT","American Whiskey","$21.99"
"324","JACK DANIELS MUSIC CTN WITH SHOT GLASS","American Whiskey","$21.99"
"325","JACK DANIELS SGL BARRL RYE","American Whiskey","$49.99"
"326","JACK DANIELS SINATRA CENT","American Whiskey","$149.99"
"327","JACK DANIELS SINGLE BARREL","American Whiskey","$46.99"
"328","JACK DANIELS SINGLE BARREL ERIC CHURCH","American Whiskey","$49.99"
"329","JACK DANIELS SINGLE BARREL RYE","American Whiskey","$46.99"
"330","JACK DANIELS SINGLE BARREL SR HERITAGE","American Whiskey","$64.99"
"331","JACK DANIELS SINGLE BARREL TRIO","American Whiskey","$79.99"
"332","JACK DANIELS TENNESSEE APPLE","American Whiskey","$1.99 - $34.99"
"333","JACK DANIELS WITH COKE COLA GLASSES","American Whiskey","$23.99"
"334","JACK DEMPSEY WHISKEY","American Whiskey","$41.99"
"335","JAMES E PEPPER 1776 STRAIGHT BOURBON WHISKEY","American Whiskey","$29.99"
"336","JEFF RSV RUM CAS","American Whiskey","$74.99"
"337","JEFFERSONS 8","American Whiskey","$31.99"
"338","JEFFERSONS CHEFS","American Whiskey","$49.99"
"339","JEFFERSONS MANHATTAN","American Whiskey","$29.99"
"340","JEFFERSONS OCEAN","American Whiskey","$74.99"
"341","JEFFERSONS OCEAN AGED AT SEA VOYAGE 17","American Whiskey","$50.24"
"342","JEFFERSONS OCEAN CASK","American Whiskey","$94.99"
"343","JEFFERSONS OCEAN VOYAGE 22","American Whiskey","$79.99"
"344","JEFFERSONS RESERVE","American Whiskey","$49.99"
"345","JEFFERSONS RESERVE BARREL","American Whiskey","$49.99"
"346","JEFFERSONS RESERVE PRITCHARDS HILL","American Whiskey","$64.99"
"347","JEFFERSONS RESERVE TWIN OAK","American Whiskey","$74.99"
"348","JEFFERSONS TWIN OAK SMALL BATCH","American Whiskey","$74.99"
"349","JEFFERSONS WOOD EXPERIMENT","American Whiskey","$89.99"
"350","JESSE JAMES","American Whiskey","$15.91"
"351","JESSE JAMES HONEY","American Whiskey","$9.89"
"352","JESSE JAMES SPICED","American Whiskey","$9.89"
"353","JIM BEAM","American Whiskey","$1.00 - $34.99"
"354","JIM BEAM AND BUDWEISER VAP","American Whiskey","$14.99"
"355","JIM BEAM APPLE","American Whiskey","$1.00 - $34.99"
"356","JIM BEAM BLACK","American Whiskey","$1.49 - $44.99"
"357","JIM BEAM BLACK W/GLASSES","American Whiskey","$21.99"
"358","JIM BEAM BLACK WITH COASTERS","American Whiskey","$19.99"
"359","JIM BEAM BONDED","American Whiskey","$19.99"
"360","JIM BEAM DEVILS CUT","American Whiskey","$19.99 - $41.99"
"361","JIM BEAM DOUBLE OAK","American Whiskey","$19.99"
"362","JIM BEAM FAMILY","American Whiskey","$3.99"
"363","JIM BEAM FIRE","American Whiskey","$1.00 - $15.99"
"364","JIM BEAM GIFT","American Whiskey","$14.99"
"365","JIM BEAM HONEY","American Whiskey","$15.99 - $34.99"
"366","JIM BEAM MAPLE","American Whiskey","$15.99"
"367","JIM BEAM PEACH","American Whiskey","$1.00 - $34.99"
"368","JIM BEAM PET","American Whiskey","$34.99"
"369","JIM BEAM REPEAL BATCH","American Whiskey","$17.99"
"370","JIM BEAM RYE","American Whiskey","$19.99"
"371","JIM BEAM SINGLE BARREL","American Whiskey","$37.99"
"372","JIM BEAM TRAVELER","American Whiskey","$15.99"
"373","JIM BEAM VANILLA","American Whiskey","$1.00 - $15.99"
"374","JIM BEAM WHISKEY OF THE SEASON","American Whiskey","$14.99"
"375","JIM BEAM WHITE AND BLACK COPACK","American Whiskey","$22.34"
"376","JOHN HARTWELL MALT","American Whiskey","$23.81"
"377","JOHN J BOWMAN","American Whiskey","$45.79"
"378","JOSEPH MAGNUS BOURBON","American Whiskey","$85.99"
"379","JOSEPH MAGNUS BOURBON BARREL","American Whiskey","$101.99"
"380","JOSEPH MAGNUS CIGAR BLEND BOURBON","American Whiskey","$155.99"
"381","KAVALAN","American Whiskey","$36.79"
"382","KEELBOAT","American Whiskey","$10.00 - $29.95"
"383","KENTUCKY GENTLEMAN","American Whiskey","$10.49 - $17.49"
"384","KENTUCKY OWL BOURBON","American Whiskey","$299.99"
"385","KENTUCKY OWL CONFISCATED","American Whiskey","$124.99"
"386","KENTUCKY OWL DRY STATE","American Whiskey","$999.99"
"387","KENTUCKY OWL RYE 3","American Whiskey","$199.99"
"388","KENTUCKY OWL STRAIGHT RYE WHISKEY","American Whiskey","$129.99"
"389","KENTUCKY SPIRIT PRIVATE BARREL","American Whiskey","$49.99"
"390","KESSLER","American Whiskey","$5.59 - $18.99"
"391","KESSLER TRV","American Whiskey","$8.99"
"392","KILLBUCK CREEK WHITE","American Whiskey","$24.99"
"393","KILTED WHISKEY","American Whiskey","$28.35"
"394","KING OF KENTUCKY","American Whiskey","$249.98"
"395","KIUCHI NO SHIZUKU","American Whiskey","$51.95"
"396","KNOB CREEK","American Whiskey","$17.99 - $64.99"
"397","KNOB CREEK 12 YEAR","American Whiskey","$59.99"
"398","KNOB CREEK 15 YEAR","American Whiskey","$99.99"
"399","KNOB CREEK 25TH ANNIVERSARY","American Whiskey","$129.99"
"400","KNOB CREEK CO-PACK","American Whiskey","$34.99"
"401","KNOB CREEK GIFT","American Whiskey","$32.99"
"402","KNOB CREEK QUARTER OAK","American Whiskey","$49.99"
"403","KNOB CREEK RYE","American Whiskey","$27.99"
"404","KNOB CREEK RYE BARREL","American Whiskey","$49.99"
"405","KNOB CREEK RYE CASK STRENGTH 2019","American Whiskey","$69.99"
"406","KNOB CREEK SINGLE BARREL","American Whiskey","$49.99"
"407","KNOB CREEK SMOKED MAPLE","American Whiskey","$27.99"
"408","KNOB CREEK TWICE BARRELED RYE","American Whiskey","$49.99"
"409","KOVAL BOURBON","American Whiskey","$51.99"
"410","KOVAL FOUR GRAIN WHISKEY","American Whiskey","$51.99"
"411","LARCENY","American Whiskey","$2.00 - $49.99"
"412","LARCENY   BARREL PROOF","American Whiskey","$49.99"
"413","LARCENY VAP ROCKS GLASS AND FLASK","American Whiskey","$26.99"
"414","LEADSLINGERS BOURBON","American Whiskey","$32.98"
"415","LEADSLINGERS RYE","American Whiskey","$32.99"
"416","LEGENT BOURBON","American Whiskey","$34.99"
"417","LEXINGTON","American Whiskey","$21.47"
"418","LIBERTY SPIRITS CORN WHISKEY","American Whiskey","$12.36"
"419","LIBERTY SPIRITS MOONSHINE","American Whiskey","$12.32"
"420","LIMESTONE BRANCH BOURBON SINGLE BARREL","American Whiskey","$39.99"
"421","LIMESTONE BRANCH MALTED RYE BARREL","American Whiskey","$29.99"
"422","LIP SERVICE RYE","American Whiskey","$32.99"
"423","LITTLE BOOK 4 - LESSONS HONORED","American Whiskey","$124.99"
"424","LITTLE CHICAGO MOONSHINE","American Whiskey","$20.00"
"425","LITTLE CHICAGO MOONSHINE GOLD LIGHTNING","American Whiskey","$20.00"
"426","M AND O PUMPKIN SPICE HOLIDAY SPIRIT","American Whiskey","$39.95"
"427","M AND O SPIRITS SMOKE","American Whiskey","$39.96"
"428","M AND O SPIRITS TA-DA","American Whiskey","$39.95"
"429","M&O SPIRITS BLACK BOURBON WHISKEY","American Whiskey","$49.95"
"430","MAKER'S MARK 101","American Whiskey","$37.99"
"431","MAKER'S MARK 46 CASK STRENGTH","American Whiskey","$59.99"
"432","MAKER'S MARK WITH SHAKER","American Whiskey","$24.99"
"433","MAKERS MARK","American Whiskey","$3.99 - $56.99"
"434","MAKERS MARK & GLASSES","American Whiskey","$24.99"
"435","MAKERS MARK 46","American Whiskey","$19.99 - $34.99"
"436","MAKERS MARK 46 WITH GLASSES","American Whiskey","$34.99"
"437","MAKERS MARK 46 WITH STOPPER","American Whiskey","$34.99"
"438","MAKERS MARK BARREL","American Whiskey","$69.99"
"439","MAKERS MARK BESPOKE","American Whiskey","$39.99"
"440","MAKERS MARK CASK","American Whiskey","$39.99"
"441","MAKERS MARK GIFT","American Whiskey","$35.34"
"442","MAKERS MARK WITH ORNAMENT","American Whiskey","$24.99"
"443","MAKERS MARK WOOD FINISHING SERIES","American Whiskey","$59.99"
"444","MAUMEE MOONSHINE","American Whiskey","$11.18 - $25.65"
"445","MCCORMICK WHISKEY","American Whiskey","$8.60"
"446","MERICA BOURBON","American Whiskey","$24.99"
"447","MICHTERS 25 YR KENTUCKY STRAIGHT BOURBON","American Whiskey","$657.93"
"448","MICHTERS BARREL STRENGTH RYE WHISKEY","American Whiskey","$64.46"
"449","MICHTERS RYE 10 YR","American Whiskey","$132.99"
"450","MICHTERS RYE SINGLE BRL","American Whiskey","$40.99"
"451","MICHTERS SINGLE BARREL 10","American Whiskey","$111.99"
"452","MICHTERS SINGLE BARREL 20","American Whiskey","$657.93"
"453","MICHTERS SMALL BATCH","American Whiskey","$40.99"
"454","MICHTERS TOAST BBN","American Whiskey","$47.47"
"455","MICHTERS TOASTED BARREL STRENGTH RYE WHISKEY","American Whiskey","$64.49"
"456","MICHTERS UNBLENDED","American Whiskey","$40.99"
"457","MICHTERS US1 TOASTED SOUR MASH","American Whiskey","$49.15"
"458","MIDDLE WEST SPIRITS CASK STRENGTH BOURBON WHISKEY","American Whiskey","$55.00"
"459","MIDDLE WEST SPIRITS CASK STRENGTH WHEAT WHISKEY","American Whiskey","$55.00"
"460","MIDDLE WEST SPIRITS LUCKY FIND WHEAT WHISKEY","American Whiskey","$28.89"
"461","MIDDLE WEST SPIRITS RYE WHISKEY","American Whiskey","$55.00"
"462","MIDDLE WEST SPIRITS SOUL OF SCARLET WHISKEY","American Whiskey","$45.23"
"463","MIDDLE WEST STRAIGHT RYE","American Whiskey","$37.49"
"464","MIDDLE WEST STRAIGHT WHEAT","American Whiskey","$37.59"
"465","MIDDLE WEST WHEATED BOURBON","American Whiskey","$37.59"
"466","MIDDLE WEST WHITE RYE","American Whiskey","$29.72"
"467","MIDNIGHT MOON 100","American Whiskey","$19.95"
"468","MIDNIGHT MOON 80","American Whiskey","$12.37"
"469","MIDNIGHT MOON AMERICAN WHISKEY","American Whiskey","$12.37"
"470","MIDNIGHT MOON APPLE PIE","American Whiskey","$2.44 - $19.95"
"471","MIDNIGHT MOON AUGMENTED REALITY","American Whiskey","$19.95"
"472","MIDNIGHT MOON BLACKBERRY","American Whiskey","$17.95"
"473","MIDNIGHT MOON BLUEBERRY","American Whiskey","$12.37"
"474","MIDNIGHT MOON CHERRY","American Whiskey","$12.37"
"475","MIDNIGHT MOON PEPPERMINT 50MLS","American Whiskey","$3.00"
"476","MIDNIGHT MOON REBEL RAZZ","American Whiskey","$1.49"
"477","MIDNIGHT MOON STRAWBERRY","American Whiskey","$19.95"
"478","MIDNIGHT MOON WATERMELON","American Whiskey","$1.49"
"479","MIDNIGHT RUN CORN WHISKEY","American Whiskey","$28.03"
"480","MILL ST MOONSHINE","American Whiskey","$14.35"
"481","MINGLEWOOD BOURBON","American Whiskey","$37.47"
"482","MINGLEWOOD CIN WHISKY","American Whiskey","$23.88"
"483","MINGLEWOOD PEACH WHISKY","American Whiskey","$24.95"
"484","MINGLEWOOD RYE WHISKY","American Whiskey","$34.02"
"485","MINOR CASE STRAIGHT RYE","American Whiskey","$39.99"
"486","MURRAY HILL CLUB BOURBON","American Whiskey","$99.99"
"487","MURRAY HILL CLUB SPECIAL RESERVE BOURBON","American Whiskey","$179.99"
"488","NEW RIFF BOURBON","American Whiskey","$4.99 - $39.97"
"489","NEW RIFF DISTILLING PRIVATE BARREL SELECTION","American Whiskey","$49.99"
"490","NEW RIFF RYE WHISKEY","American Whiskey","$45.99"
"491","NEW RIFF SINGLE BARREL","American Whiskey","$49.99"
"492","NEW RIFF SINGLE BARREL RYE","American Whiskey","$55.99"
"493","NOBLE CUT APPLE WHISKEY","American Whiskey","$32.16"
"494","NOBLE CUT CHERRY WHISKEY","American Whiskey","$32.16"
"495","NOBLE CUT MAPLE FLAVORED WHISKEY","American Whiskey","$21.56 - $32.16"
"496","NOBLE CUT PUMPKIN SPICED WHISKEY","American Whiskey","$21.56 - $32.16"
"497","NOBLE CUT SALTED CARAMEL WHISKEY","American Whiskey","$21.56 - $32.16"
"498","NOBLE CUT VANILLA FLAVORD WHISKEY","American Whiskey","$21.56 - $32.16"
"499","NOBLE CUT WHEAT WHISKEY","American Whiskey","$40.59"
"500","NOBLE OAK BOURBON","American Whiskey","$34.99"
"501","NONESUCH","American Whiskey","$29.95"
"502","NORTHSIDE CORN WHISKEY","American Whiskey","$24.98"
"503","NORTHSIDE DSTLLNG BOURBON","American Whiskey","$39.98"
"504","NORTHSIDE MNSHN","American Whiskey","$16.95"
"505","NUPTIAL","American Whiskey","$45.00"
"506","OAK N HARBOR OL STUMP","American Whiskey","$26.16"
"507","OFC BOURBON 1993","American Whiskey","$2499.98"
"508","OHIRISH","American Whiskey","$36.08"
"509","OLD CAMP PEACH PECAN","American Whiskey","$15.99"
"510","OLD CROW","American Whiskey","$4.79 - $19.99"
"511","OLD CROW TRV","American Whiskey","$10.49"
"512","OLD ELK BLENDED BOURBON VAP","American Whiskey","$49.99"
"513","OLD ELK BLENDED STRAIGHT BOURBON WHISKEY","American Whiskey","$49.99"
"514","OLD ELK BOURBON BARREL SELECT","American Whiskey","$54.99"
"515","OLD ELK RYE","American Whiskey","$89.99"
"516","OLD ELK RYE WHISKEY","American Whiskey","$79.99"
"517","OLD ELK WHEAT WHISKEY","American Whiskey","$64.99"
"518","OLD ELK WHEAT WHISKEY BARREL","American Whiskey","$69.99"
"519","OLD ELK WHEATED BOURBON","American Whiskey","$64.99"
"520","OLD EZRA BROOKS 7 YR","American Whiskey","$49.99"
"521","OLD FITZ 9 YR DECANTER","American Whiskey","$89.99"
"522","OLD FITZGERALD 11 YR DECANTER","American Whiskey","$101.28"
"523","OLD FITZGERALD 15 YEAR OLD","American Whiskey","$149.98"
"524","OLD FORESTER","American Whiskey","$1.99 - $36.99"
"525","OLD FORESTER 1870","American Whiskey","$44.98"
"526","OLD FORESTER 1897","American Whiskey","$49.99"
"527","OLD FORESTER 1910","American Whiskey","$54.99"
"528","OLD FORESTER 1920","American Whiskey","$59.99"
"529","OLD FORESTER BARREL","American Whiskey","$39.99"
"530","OLD FORESTER BIRTHDAY","American Whiskey","$129.99"
"531","OLD FORESTER MINT JULEP","American Whiskey","$22.99"
"532","OLD FORESTER RYE","American Whiskey","$20.99"
"533","OLD FORESTER SIGNATURE","American Whiskey","$20.99"
"534","OLD FORESTER SINGLE BARREL 100 PROOF","American Whiskey","$49.99"
"535","OLD FORESTER SINGLE BARREL BARREL PROOF","American Whiskey","$79.99"
"536","OLD FORESTER STATESMAN","American Whiskey","$54.99"
"537","OLD GRAND DAD","American Whiskey","$14.99 - $29.99"
"538","OLD GRAND DAD 100","American Whiskey","$20.99"
"539","OLD GRAND DAD 114","American Whiskey","$29.99"
"540","OLD HOMICIDE","American Whiskey","$88.56"
"541","OLD HOMICIDE 5YR","American Whiskey","$133.35"
"542","OLD HOMICIDE 6 YR","American Whiskey","$150.55"
"543","OLD KENTUCKY TAVERN","American Whiskey","$4.49 - $17.49"
"544","OLD MEDLEY","American Whiskey","$58.99"
"545","OLD OVERHOLT 11 YEAR","American Whiskey","$74.99"
"546","OLD OVERHOLT 114","American Whiskey","$29.99"
"547","OLD OVERHOLT RYE","American Whiskey","$17.99 - $29.99"
"548","OLD RIP VAN WINKLE 10","American Whiskey","$69.99"
"549","OLD SCHOOL RECIPE MOONSHINE","American Whiskey","$27.95"
"550","OLD THOMPSON","American Whiskey","$7.56 - $11.99"
"551","OLD TUB","American Whiskey","$21.99"
"552","OLE SMKY SPIK APL","American Whiskey","$21.99"
"553","OLE SMOKY","American Whiskey","$19.99"
"554","OLE SMOKY BLUE FLAME","American Whiskey","$21.99"
"555","OLE SMOKY CHERRIES","American Whiskey","$21.99"
"556","OLE SMOKY HARLEY DAVIDSON","American Whiskey","$16.18"
"557","OLE SMOKY HUNCH PUNCH","American Whiskey","$21.99"
"558","OLE SMOKY MANGO HABANERO WHISKEY","American Whiskey","$2.00 - $19.99"
"559","OLE SMOKY MOONSHINE PEACHES","American Whiskey","$21.99"
"560","OLE SMOKY PEACH WHISKEY","American Whiskey","$19.99"
"561","OLE SMOKY PEANUT BUTTER WHISKEY","American Whiskey","$19.99"
"562","OLE SMOKY SALTY CARAMEL WHISKEY","American Whiskey","$2.00 - $19.99"
"563","OLE SMOKY SALTY WATERMELON","American Whiskey","$2.00 - $19.99"
"564","OLE SMOKY WHITE LIGHTNING","American Whiskey","$21.99"
"565","OLOROSO WHEAT WHISKEY","American Whiskey","$74.36"
"566","PABST BLUE RIBBON WHISKEY","American Whiskey","$25.99"
"567","PADDLE WHEEL","American Whiskey","$10.00 - $34.95"
"568","PAPPY VAN WINKLE 15","American Whiskey","$119.99"
"569","PAPPY VAN WINKLE 20","American Whiskey","$199.98"
"570","PAPPY VAN WINKLE 23","American Whiskey","$299.99"
"571","PARKERS HERITAGE COLLECTION #12 CURACAO BARRELS","American Whiskey","$89.98"
"572","PARKERS HERITAGE COLLECTION 13","American Whiskey","$149.99"
"573","PEANUT BUTTER AND WHISKEY","American Whiskey","$26.99"
"574","PEARSE LYONS RESERVE","American Whiskey","$18.31"
"575","PEERLESS BARREL PROOF WHISKEY","American Whiskey","$89.99"
"576","PHOENIX FIRE SINGLE MALT WHISKEY","American Whiskey","$26.26"
"577","PIKESVILLE RYE 110","American Whiskey","$49.99"
"578","PRISONER COLLABORATION","American Whiskey","$124.99"
"579","PRITCHARD SENIOR RYE","American Whiskey","$23.81 - $43.80"
"580","RABBIT HOLE BOURBON","American Whiskey","$49.99"
"581","RABBIT HOLE HIGH RYE HEIGOLD BOURBON","American Whiskey","$59.99"
"582","RABBIT HOLE KENTUCKY STRAIGHT RYE","American Whiskey","$49.99"
"583","RABBIT HOLE PX SHERRY CASK","American Whiskey","$79.99"
"584","RANSOM THE EMERALD 1865 WHISKEY","American Whiskey","$81.18"
"585","REBEL DISTILLER'S COLLECTION","American Whiskey","$39.99"
"586","REBEL YELL","American Whiskey","$16.99"
"587","REBEL YELL 10 YEAR SINGLE BARREL","American Whiskey","$69.99"
"588","REBEL YELL 100 PROOF","American Whiskey","$19.99"
"589","REBEL YELL ROOT BEER","American Whiskey","$9.39"
"590","REBEL YELL STRAIGHT RYE WHISKEY","American Whiskey","$19.99"
"591","RED EAGLE DISTILLERY BBN","American Whiskey","$21.54"
"592","RED EAGLE DISTILLERY RYE","American Whiskey","$21.54"
"593","RED RIVER BOURBON","American Whiskey","$39.98"
"594","RED STAG","American Whiskey","$1.00 - $34.99"
"595","RED STAG HARDCORE CIDER","American Whiskey","$8.96"
"596","REDEMPTION BOURBON WHISKEY","American Whiskey","$23.99"
"597","REDEMPTION HIGH RYE","American Whiskey","$23.99"
"598","REDEMPTION HIGH RYE BOURBON SINGLE BARREL","American Whiskey","$44.95"
"599","REDEMPTION RYE","American Whiskey","$23.99"
"600","REDEMPTION RYE BARREL PROOF 10 YEAR","American Whiskey","$92.99"
"601","REDEMPTION STRAIGHT RYE RUM CASK FINISH","American Whiskey","$44.95"
"602","REDEMPTION WHEATED BOURBON","American Whiskey","$44.95"
"603","REDNECK RIVIERA","American Whiskey","$24.99"
"604","REDWOOD EMPIRE","American Whiskey","$39.99"
"605","REDWOOD EMPIRE EMERALD RYE","American Whiskey","$39.99"
"606","REDWOOD EMPIRE PIPE DREAM BOURBON","American Whiskey","$39.99"
"607","REMUS REPEAL RESERVE II","American Whiskey","$84.99"
"608","REMUS REPEAL RESERVE III","American Whiskey","$84.99"
"609","REMUS REPEAL RESERVE IV","American Whiskey","$84.99"
"610","REMUS VOLSTEAD RESERVE BOURBON","American Whiskey","$199.99"
"611","RENAISSANCE KINGS CUT","American Whiskey","$51.54"
"612","RHETORIC LIBRARY PACK","American Whiskey","$1999.97"
"613","RITTENHOUSE RYE","American Whiskey","$25.99"
"614","RJ STRAIGHT BOURBON WHISKEY","American Whiskey","$46.72"
"615","RJ STRAIGHT RYE WHISKEY","American Whiskey","$30.00 - $55.00"
"616","RJ TWO SHOT BOURVIN","American Whiskey","$24.00 - $42.00"
"617","ROBERSONS TENN","American Whiskey","$17.91"
"618","ROCK HILL FARMS BOURBON BARREL","American Whiskey","$54.99"
"619","ROGUE DEAD GUY","American Whiskey","$26.70"
"620","ROSSVILLE UNION BARREL PROOF RYE WHISKEY","American Whiskey","$59.99"
"621","ROSSVILLE UNION BARREL SELECT RYE WHISKEY","American Whiskey","$54.99"
"622","ROSSVILLE UNION MASTER CRAFTED RYE WHISKEY","American Whiskey","$39.99"
"623","ROSSVILLE UNION RYE BOTTLED IN BOND BARREL","American Whiskey","$49.99"
"624","ROSSVILLE UNION TAGLIO BARREL","American Whiskey","$47.99"
"625","RUSS RSV SGL BRL RY","American Whiskey","$59.99"
"626","RUSSELLS RESERVE 10 YR","American Whiskey","$31.99"
"627","RUSSELLS RESERVE RYE","American Whiskey","$39.99"
"628","RUSSELLS RESERVE SINGLE BARREL","American Whiskey","$54.99"
"629","RUSSELLS RESERVE SINGLE BARREL PRIVATE SELECTION B","American Whiskey","$54.99"
"630","RYE WHISKEY","American Whiskey","$54.99"
"631","SAGAMORE CASK STRENGTH RYE","American Whiskey","$59.99"
"632","SAGAMORE SPIRIT RYE BARREL SELECT","American Whiskey","$59.99"
"633","SAGAMORE STRAIGHT RYE","American Whiskey","$34.99"
"634","SAM HOUSTON 14 YEAR OLD BOURBON","American Whiskey","$119.99"
"635","SAM HOUSTON KENTUCKY STRAIGHT BOURBON WHISKEY","American Whiskey","$99.99"
"636","SAZERAC RYE 18","American Whiskey","$99.99"
"637","SAZERAC RYE 6","American Whiskey","$25.10"
"638","SEAGRAM 7 APPLE","American Whiskey","$11.99"
"639","SEAGRAM 7 TRV","American Whiskey","$11.99"
"640","SEAGRAMS 7","American Whiskey","$6.99 - $21.99"
"641","SEAGRAMS 7 HONEY","American Whiskey","$11.99"
"642","SECOND GLANCE AMERICAN WHISKEY","American Whiskey","$24.48"
"643","SENATORS CLUB","American Whiskey","$14.99"
"644","SEVEN BROTHERS HICKORY SMOKED WHEAT WHISKY","American Whiskey","$32.24"
"645","SEVEN BROTHERS SPICED WHISKEY","American Whiskey","$32.24"
"646","SHEEP DOG","American Whiskey","$15.99"
"647","SHENK SOUR MASH WHISKEY","American Whiskey","$65.74"
"648","SHERRY FINISHED BOURBON","American Whiskey","$65.06"
"649","SIX DAYS SEVEN NIGHTS","American Whiskey","$28.03"
"650","SKREWBALL","American Whiskey","$2.49 - $26.99"
"651","SLAUGHTER HOUSE WHISKEY","American Whiskey","$34.69"
"652","SLOW AND LOW","American Whiskey","$20.99"
"653","SMOKIN BOURBON WHISKEY","American Whiskey","$39.99"
"654","SMOOTH AMBER OLD SCOUT BOURBON BARREL","American Whiskey","$49.99"
"655","SMOOTH AMBLER 107 BARREL","American Whiskey","$39.99"
"656","SMOOTH AMBLER BIG LEVEL WHEATED BOURBON","American Whiskey","$54.99"
"657","SMOOTH AMBLER CONTRADICTION","American Whiskey","$39.99"
"658","SMOOTH AMBLER OLD SCOUT","American Whiskey","$34.99"
"659","SMOOTH AMBLER OLD SCOUT","American Whiskey","$34.99"
"660","SMOOTH AMBLER OLD SCOUT RYE CASK","American Whiskey","$49.99"
"661","SOUTHERN COMFORT","American Whiskey","$7.99 - $29.99"
"662","SOUTHERN COMFORT","American Whiskey","$2.99"
"663","SOUTHERN COMFORT 100","American Whiskey","$10.49 - $31.99"
"664","SOUTHERN COMFORT 80 PROOF","American Whiskey","$0.79 - $14.99"
"665","SOUTHERN COMFORT TRV","American Whiskey","$15.80"
"666","SOUTHERN HOST","American Whiskey","$8.99"
"667","SPIRIT OF THE APOCALYPSE WALKING DEAD","American Whiskey","$19.99"
"668","SQRRL PEANUT BUTTER WHISKEY","American Whiskey","$1.00 - $21.99"
"669","ST. GEORGE BALLER SINGLE MALT WHISKEY","American Whiskey","$74.99"
"670","STAGG JR","American Whiskey","$46.78"
"671","STALEY RYE","American Whiskey","$60.73"
"672","STILLHOUSE APPLE CRISP","American Whiskey","$18.99"
"673","STILLHOUSE COCONUT","American Whiskey","$11.74"
"674","STILLMANS","American Whiskey","$42.03"
"675","STILLWRIGHTS APPLE PIE","American Whiskey","$23.16"
"676","STILLWRIGHTS CINNAMON","American Whiskey","$23.16"
"677","STILLWRIGHTS KEY LIME PIE","American Whiskey","$23.16"
"678","STILLWRIGHTS MARGARITA","American Whiskey","$23.16"
"679","STILLWRIGHTS PEACH COBBLER","American Whiskey","$23.16"
"680","STILLWRIGHTS STRAIGHT","American Whiskey","$32.19"
"681","STILLWRIGHTS TRADITIONAL","American Whiskey","$23.16"
"682","STOWELL EVERGREEN BOURBON","American Whiskey","$199.95"
"683","STRAIGHT EDGE BURBON","American Whiskey","$44.52"
"684","STRAITSVILLE","American Whiskey","$22.89"
"685","STRAITSVILLE APPLE","American Whiskey","$18.58"
"686","STRANAHANS BLUE PEAK","American Whiskey","$42.99"
"687","STRANAHANS COLORADO WHISKY","American Whiskey","$54.99"
"688","STRANAHANS DIAMON PEAK","American Whiskey","$64.99"
"689","STRANAHANS SINGLE BARREL","American Whiskey","$59.99"
"690","SYCAMORE AMERICAN WHISKEY","American Whiskey","$39.99"
"691","SYCAMORE CASK EDITION BOURBON","American Whiskey","$44.99"
"692","SYCAMORE FIRE BRIGADE","American Whiskey","$21.99"
"693","SYCAMORE HIGH RYE BOURBON","American Whiskey","$39.99"
"694","SYCAMORE HONEY WHISKEY","American Whiskey","$21.99"
"695","SYCAMORE MALT WHISKEY","American Whiskey","$39.99"
"696","SYCAMORE OHIO STRAIGHT BOURBON","American Whiskey","$39.99"
"697","SYCAMORE RYE WHISKEY","American Whiskey","$39.99"
"698","SYCAMORE SINGLE BARREL BOURBON","American Whiskey","$59.99"
"699","SYCAMORE SINGLE BARREL WHISKEY","American Whiskey","$79.99"
"700","SYCAMORE WHITE LIGHTNING WHISKEY","American Whiskey","$19.99"
"701","T SMITH WOOD FIR","American Whiskey","$26.99"
"702","TALL STACKS","American Whiskey","$10.00 - $29.95"
"703","TANGO FOXTROT","American Whiskey","$56.29"
"704","TEMPLETON 6 YEAR RYE","American Whiskey","$39.99"
"705","TEMPLETON RYE","American Whiskey","$29.99"
"706","TEMPLETON RYE BARREL STRENGTH","American Whiskey","$59.99"
"707","TEMPLETON RYE MAPLE CASK FINISH","American Whiskey","$34.99"
"708","TEMPLETON RYE RUM CASK FINISH","American Whiskey","$44.99"
"709","TEMPLETON VAP WHISKEY STONES","American Whiskey","$29.99"
"710","TEN HIGH","American Whiskey","$10.29 - $17.49"
"711","THE BURNING CHAIR","American Whiskey","$49.99"
"712","THE CLOVER RYE WHISKEY","American Whiskey","$49.95"
"713","THE RAIL BOURBON","American Whiskey","$31.60"
"714","THE WHISTLER IRISH HONEY","American Whiskey","$27.99"
"715","THOMAS H HANDY","American Whiskey","$99.99"
"716","THREE BINES 12 SPICES OF CHRISTMAS","American Whiskey","$18.16"
"717","THREE BINES HOP WHISKEY","American Whiskey","$25.95"
"718","THREE CHORD SMALL BATCH BLENDED BOURBON","American Whiskey","$39.99"
"719","TIM SMITHS CLIMAX MOONSHIN","American Whiskey","$26.99"
"720","TINCUP","American Whiskey","$28.99 - $57.99"
"721","TINCUP 10 YR","American Whiskey","$51.99"
"722","TINCUP RYE WHISKEY","American Whiskey","$28.99"
"723","TOMS FOOLERY BND BBN","American Whiskey","$41.95"
"724","TOMS FOOLERY BONDED RYE","American Whiskey","$41.95"
"725","TOMS FOOLERY CORN WHISKEY","American Whiskey","$41.95"
"726","TOMS FOOLERY CSK BBN","American Whiskey","$44.95"
"727","TOMS FOOLERY CSK RYE","American Whiskey","$44.95"
"728","TOMS FOOLERY FINISHED MAPLE SYRUP BARREL","American Whiskey","$41.95"
"729","TOMS FOOLERY OHIO STR BBN","American Whiskey","$38.55"
"730","TOMS FOOLERY RYE","American Whiskey","$38.55"
"731","TOMS FOOLERY WHEAT CASK","American Whiskey","$44.95"
"732","TOMS FOOLERY WHEAT WHISKEY","American Whiskey","$38.55"
"733","TOWN BRANCH BBN","American Whiskey","$34.97"
"734","TOWN BRANCH LIMITED","American Whiskey","$58.28"
"735","TOWN BRANCH MALT","American Whiskey","$34.99"
"736","TOWN BRANCH RYE","American Whiskey","$26.64"
"737","TOWN BRANCH SINGLE BARREL RESERVE","American Whiskey","$78.79"
"738","TRAILS END BOURBON","American Whiskey","$31.98"
"739","TRAVERSE CITY WHISKEY CO AMERICAN CHERRY EDITION","American Whiskey","$29.99"
"740","TRAVERSE CITY WHISKEY CO SIG EDITION RYE BARREL PR","American Whiskey","$84.99"
"741","TRAVERSE CITY WHISKEY CO SIGNATURE BARREL PROOF","American Whiskey","$74.99"
"742","TRAVERSE CITY WHISKEY CO XXX STRAIGHT BOURBON","American Whiskey","$31.99"
"743","TRAVERSE CITY WHISKEY CO. BL  BRL PRF SINGLE BRL","American Whiskey","$74.99"
"744","TRIBUTE 40 WHISKEY","American Whiskey","$23.54"
"745","TRIPLE CROWN BLENDED WHSKY","American Whiskey","$10.96"
"746","TWO STICK SOUR MASH MOONSHINE","American Whiskey","$20.00"
"747","TX BLENDED WHISKEY","American Whiskey","$34.99"
"748","TX BOURBON","American Whiskey","$39.99"
"749","UGLY DOG PEANUT BUTTER KENTUCKY BOURBON WHISKEY","American Whiskey","$21.99"
"750","UNCLE NEAREST 1856 AGED WHISKEY","American Whiskey","$49.99"
"751","UNCLE NEAREST 1884","American Whiskey","$39.99"
"752","VAN WINKLE SPECIAL RESERVE 12 YR","American Whiskey","$79.99"
"753","VIRGINIA BLACK WHISKEY","American Whiskey","$17.20"
"754","VIRGINIA DISTILLERY COURAGE AND CONVICTION","American Whiskey","$74.99"
"755","VIRIGINIA HIGHLAND PORT CASK FINISHED WHISKEY","American Whiskey","$57.99"
"756","WATERSHED 6YR BARREL STRENGTH APPLE BRANDY BBN","American Whiskey","$69.99"
"757","WATERSHED BARREL PROOF BOURBON PRIVATE BARREL","American Whiskey","$59.99"
"758","WATERSHED BOURBON","American Whiskey","$22.87 - $46.99"
"759","WATERSHED OLD FASH","American Whiskey","$16.99 - $59.99"
"760","WATERSHED WHISKEY TRIO OF BOURBON GIFT PACK","American Whiskey","$59.99"
"761","WATERSHED WINE BARREL BOURBON","American Whiskey","$44.99"
"762","WATHENS SINGLE BARREL","American Whiskey","$40.99"
"763","WB SAFFELL","American Whiskey","$49.99"
"764","WELLER 12","American Whiskey","$39.98"
"765","WELLER ANTIQUE","American Whiskey","$49.99 - $99.99"
"766","WELLER CYPB","American Whiskey","$39.98"
"767","WELLER FULL PROOF","American Whiskey","$49.99"
"768","WELLER SINGLE BARREL","American Whiskey","$49.99"
"769","WELLER SPECIAL RESERVE","American Whiskey","$22.99 - $49.99"
"770","WEST BRANCH MALTS CINNAMON WHISKEY","American Whiskey","$28.50"
"771","WEST BRANCH MALTS HONEY WHISKEY","American Whiskey","$28.50"
"772","WEST BRANCH MALTS SPICED APPLE WHISKEY","American Whiskey","$28.50"
"773","WEST BRANCH MALTS STRAWBERRY MALTSHINE","American Whiskey","$30.00"
"774","WEST BRANCH MALTS WHISKEY","American Whiskey","$27.50"
"775","WEST BRANCH MALTS WHITE LIGHTING","American Whiskey","$30.00"
"776","WESTERN RESERVE 14 YR STRAIGHT BOURBON","American Whiskey","$99.60"
"777","WESTERN RESERVE 8 YEAR STRAIGHT BOURBON","American Whiskey","$68.68"
"778","WESTERN RESERVE DISTILLERS 12 YR KY STRAIGHT","American Whiskey","$99.85"
"779","WESTERN RESERVE DISTILLERS 4 YR SINGLE BARREL RYE","American Whiskey","$38.99"
"780","WESTERN RESERVE DISTILLERS 6 YR SINGLE BARREL RYE","American Whiskey","$49.86"
"781","WESTERN RESERVE DISTILLERS BOURBON WHISKEY","American Whiskey","$55.17"
"782","WESTERN RESERVE DISTILLERS RYE WHISKEY","American Whiskey","$55.17"
"783","WESTERN RESERVE DISTILLERS WHEAT WHISKEY","American Whiskey","$55.17"
"784","WESTERN RESERVE STRAIGHT BOURBON 4 YEAR","American Whiskey","$41.57"
"785","WESTLAND SGL MLT","American Whiskey","$69.99"
"786","WHEAT PENNY BOURBON","American Whiskey","$39.99"
"787","WHEATED BOURBON","American Whiskey","$62.00"
"788","WHISKEY DICK","American Whiskey","$23.29"
"789","WHISTLEPIG 10 YEAR STRAIGHT RYE","American Whiskey","$7.99 - $89.99"
"790","WHISTLEPIG 12 YEAR OLD WORLD STRAIGHT RYE","American Whiskey","$125.99"
"791","WHISTLEPIG 12 YR OLD BARREL","American Whiskey","$134.99"
"792","WHISTLEPIG 15 YR OLD","American Whiskey","$249.99"
"793","WHISTLEPIG 15 YR. OLD BARREL","American Whiskey","$249.99"
"794","WHISTLEPIG 18 YR OLD","American Whiskey","$399.99"
"795","WHISTLEPIG BOSS HOG THE SPIRIT OF MAUVE","American Whiskey","$499.99"
"796","WHISTLEPIG BOSS HOG VI","American Whiskey","$499.99"
"797","WHISTLEPIG FARM STOCK RYE CROP 2","American Whiskey","$72.99"
"798","WHISTLEPIG FARM STOCK RYE CROP 3","American Whiskey","$72.99"
"799","WHISTLEPIG PIGGYBACK 6 YR RYE","American Whiskey","$49.99"
"800","WHISTLEPIG PIGLET'S 50ML VARIETY PACK","American Whiskey","$19.99"
"801","WHISTLEPIG STRAIGHT RYE 10 BARREL","American Whiskey","$99.99"
"802","WHITE DOG CORN WHISKEY","American Whiskey","$19.95"
"803","WIDMER WINTER RYE","American Whiskey","$34.46"
"804","WIGLE RUDOLPH WHISKEY","American Whiskey","$33.99"
"805","WILD TURKEY 101","American Whiskey","$2.00 - $42.99"
"806","WILD TURKEY 101 RYE","American Whiskey","$34.49"
"807","WILD TURKEY 101 TRAVELER","American Whiskey","$23.99"
"808","WILD TURKEY 81","American Whiskey","$14.99 - $38.48"
"809","WILD TURKEY AM HONEY STING","American Whiskey","$18.99"
"810","WILD TURKEY AMERICAN HONEY","American Whiskey","$8.97 - $29.99"
"811","WILD TURKEY KENTUCKY SPIRIT","American Whiskey","$49.99"
"812","WILD TURKEY LONG BRANCH","American Whiskey","$34.99"
"813","WILD TURKEY MASTER'S KEEP BOTTLED IN BOND 17YR","American Whiskey","$199.99"
"814","WILD TURKEY RARE BREED","American Whiskey","$43.99"
"815","WILD TURKEY RARE BREED RYE","American Whiskey","$59.99"
"816","WILD TURKEY RYE 81","American Whiskey","$21.99"
"817","WILDERNESS TRAIL CASK STRENGTH RYE BTB","American Whiskey","$65.99"
"818","WILDERNESS TRAIL CASK STRENGTH RYE WHISKEY","American Whiskey","$64.99"
"819","WILDERNESS TRAIL HIGH RYE BOURBON BTB","American Whiskey","$65.99"
"820","WILDERNESS TRAIL SINGLE BARREL KY STRAIGHT BOURBON","American Whiskey","$47.99"
"821","WILDERNESS TRAIL SMALL BATCH KY STRAIGHT BOURBON","American Whiskey","$47.99"
"822","WILLIAM LARUE WELLER","American Whiskey","$99.99"
"823","WOLF MOON BOURBON WHISKEY","American Whiskey","$24.99"
"824","WOODFORD RESERVE","American Whiskey","$3.99 - $66.99"
"825","WOODFORD RESERVE  DOUBLE OAK BARREL","American Whiskey","$54.95"
"826","WOODFORD RESERVE BACCARAT","American Whiskey","$2000.00"
"827","WOODFORD RESERVE BARREL","American Whiskey","$49.99"
"828","WOODFORD RESERVE BATCH PROOF","American Whiskey","$129.99"
"829","WOODFORD RESERVE DBL OAKED","American Whiskey","$51.99"
"830","WOODFORD RESERVE DERBY","American Whiskey","$41.99"
"831","WOODFORD RESERVE GIFT","American Whiskey","$34.99 - $41.99"
"832","WOODFORD RESERVE GIFT","American Whiskey","$34.99"
"833","WOODFORD RESERVE MALT","American Whiskey","$34.99"
"834","WOODFORD RESERVE RYE","American Whiskey","$34.99"
"835","WOODFORD RESERVE RYE BARREL","American Whiskey","$41.99"
"836","WOODFORD RESERVE WHEAT","American Whiskey","$34.99"
"837","WOODINVILLE BARREL","American Whiskey","$69.99"
"838","WOODINVILLE BOURBON","American Whiskey","$37.99"
"839","WOODINVILLE PORT FINISH BOURBON","American Whiskey","$49.99"
"840","WOODSHED CORN","American Whiskey","$15.85 - $27.97"
"841","WOODSHED SPIRITS APPLE PIE","American Whiskey","$22.28"
"842","WOODSHED SPIRITS APRICOT","American Whiskey","$22.28"
"843","WOODSHED SPIRITS CANDY APPLE","American Whiskey","$22.28"
"844","WOODSHED SPIRITS LEMON DROP","American Whiskey","$22.28"
"845","WOODSHED SPIRITS ORANGE DREAMSICLE","American Whiskey","$22.28"
"846","WOODSHED SPIRITS TANGERINE","American Whiskey","$22.28"
"847","WOODSTONE CREEK BARRELHOUS","American Whiskey","$6.70 - $54.49"
"848","WOODSTONE CREEK BLENDED","American Whiskey","$5.73 - $33.85"
"849","WOODSTONE CREEK BOURBON","American Whiskey","$9.71 - $93.81"
"850","WOODSTONE CREEK PEATED SNGL MLT WHSKY","American Whiskey","$10.93 - $110.53"
"851","WOODSTONE CREEK WH DOG WSK","American Whiskey","$6.62 - $48.62"
"852","WOODSTONE CRK SHERRY CASK","American Whiskey","$12.68 - $144.37"
"853","WRD 10 YEAR BARREL PROOF STRAIGHT BOURBON","American Whiskey","$88.20"
"854","WYOMING WHISKEY","American Whiskey","$39.99"
"855","WYOMING WHISKEY PRIVATE STOCK","American Whiskey","$59.99"
"856","WYOMING WHISKEY STEAMBOAT","American Whiskey","$54.99"
"857","YELLOW ROSE OUTLAW BOURBON WHISKEY","American Whiskey","$54.99"
"858","YELLOW SPRINGS APPLE PIE","American Whiskey","$22.49"
"859","YELLOWSTONE HAND PICKED BARREL SELECTION 115PR","American Whiskey","$59.99"
"860","YELLOWSTONE HAND PICKED COLLECTION 109PR","American Whiskey","$59.99"
"861","YELLOWSTONE LIMITED EDITION 2020","American Whiskey","$119.99"
"862","YELLOWSTONE SELECT","American Whiskey","$39.99"
"863","YUKON JACK HONEY","American Whiskey","$16.99"
"864","WOODSTONE CREEK WH DOG WSK","American Whiskey","$6.62 - $48.62"
"865","WOODSTONE CRK SHERRY CASK","American Whiskey","$12.68 - $144.37"
"866","WRD 10 YEAR BARREL PROOF STRAIGHT BOURBON","American Whiskey","$88.20"
"867","WYOMING WHISKEY","American Whiskey","$39.99"
"868","WYOMING WHISKEY PRIVATE STOCK","American Whiskey","$59.99"
"869","WYOMING WHISKEY STEAMBOAT","American Whiskey","$54.99"
"870","YELLOW ROSE OUTLAW BOURBON WHISKEY","American Whiskey","$54.99"
"871","YELLOW SPRINGS APPLE PIE","American Whiskey","$22.49"
"872","YELLOWSTONE HAND PICKED BARREL SELECTION 115PR","American Whiskey","$59.99"
"873","YELLOWSTONE HAND PICKED COLLECTION 109PR","American Whiskey","$59.99"
"874","YELLOWSTONE LIMITED EDITION 2020","American Whiskey","$119.99"
"875","YELLOWSTONE SELECT","American Whiskey","$39.99"
"876","YUKON JACK HONEY","American Whiskey","$16.99"
